ID,Answer
TEST_000,1
TEST_001,2
TEST_002,1
TEST_003,3
TEST_004,"트로이 목말라 기반 RAT은 정상 프로그램처럼 위장하여 설치된 후, 공격자의 명령에 따라 시스템 제어, 데이터 유출, 금융 거래 조작 등을 수행합니다. 탐지 지표로는 비정상적인 프로세스 실행, 불필요한 포트 개방, 의심스러운 네트워크 활동 등이 있습니다. 특히, 정상 프로그램을 변조하거나 백그라운드에서 동작하는 행위를 주목해야 합니다. 개인정보보호법 제24조(정보통신망 이용촉진 및 정보보호에 관한 법률)와 전자금융거래법 제35조(전자금융거래 안전성"
TEST_005,1
TEST_006,2
TEST_007,"전자금융거래법에 따른 분쟁조정위원회, 한국소비자원 등 다양한 기관이 분쟁조정 신청을 처리합니다. 이들은 전자금융거래의 피해 회복에 중요한 역할을 합니다.**
** (참고: 전자금융거래의 분쟁조정은 「소비자기본법」에 따른 분쟁조정 절차를 따릅니다.)** 1. **분쟁조정위원회**: 주로 금융회사가 소속된 단체에서 구성됩니다. 2. **한국소비자원**: 소비자 보호를 위해 설립된 공공기관으로, 분쟁조정 신청을 받습니다. 3. **독립적인"
TEST_008,5
TEST_009,3
TEST_010,1
TEST_011,4
TEST_012,3
TEST_013,4
TEST_014,5
TEST_015,4
TEST_016,1
TEST_017,3
TEST_018,1
TEST_019,1
TEST_020,4
TEST_021,1
TEST_022,3
TEST_023,5
TEST_024,2
TEST_025,3
TEST_026,3
TEST_027,3
TEST_028,1
TEST_029,1
TEST_030,3
TEST_031,1
TEST_032,1
TEST_033,1
TEST_034,1
TEST_035,2
TEST_036,5
TEST_037,3
TEST_038,1
TEST_039,4
TEST_040,1
TEST_041,5
TEST_042,3
TEST_043,1
TEST_044,4
TEST_045,1
TEST_046,1
TEST_047,1
TEST_048,1
TEST_049,4
TEST_050,3
TEST_051,1
TEST_052,3
TEST_053,2
TEST_054,4
TEST_055,4
TEST_056,1
TEST_057,5
TEST_058,3
TEST_059,2
TEST_060,4
TEST_061,4
TEST_062,4
TEST_063,5
TEST_064,1
TEST_065,1
TEST_066,1
TEST_067,1
TEST_068,4
TEST_069,4
TEST_070,4
TEST_071,3
TEST_072,3
TEST_073,1
TEST_074,4
TEST_075,2
TEST_076,4
TEST_077,5
TEST_078,1
TEST_079,4
TEST_080,5
TEST_081,4
TEST_082,"딥페이크를 탐지하는 AI 솔루션 도입, 직원 및 고객 대상 보안 교육 강화, 거래 시 추가적인 인증 절차를 마련하는 등 다층적 방어 체계를 구축해야 합니다. 법적으로는 전자금융거래법 제15조(위조·변조 문서 사용 금지) 등을 활용할 수 있습니다. 또한, 피해 발생 시 정보공개 의무(전자금융거래법 제40조)를 이행하여 신속한 대응을 해야 합니다. 2023년 7월부터 시행된 개인정보보호법 개정으로 딥페이크로 개인정보 유출 시 더 �"
TEST_083,3
TEST_084,2
TEST_085,1
TEST_086,3
TEST_087,3
TEST_088,2
TEST_089,1
TEST_090,3
TEST_091,3
TEST_092,3
TEST_093,2
TEST_094,5
TEST_095,2
TEST_096,2
TEST_097,3
TEST_098,3
TEST_099,5
TEST_100,1
TEST_101,"디지털 지갑에서는 해킹, 피싱, 악성코드 감염, 그리고 물리적 장치 분실이나 도난으로 인해 개인정보와 금융 정보가 유출될 수 있는 위험이 있습니다. 또한, 거래 내역이 디지털로 저장되어 추가적인 위험 요소가 발생할 수 있습니다. 따라서 강력한 암호화 기술과 생체 인증 같은 보안 기술이 활용됩니다. 2016년 미국 대통령 선거 당시, 디지털 지갑 서비스인 '페이팔'이 해킹 위협에 노출된 사례가 있었습니다. 이는 보안 시스템의 취약점을 이용한"
TEST_102,"접근 권한 검토는 개인정보 처리 시 최소한의 권한만 부여하고, 이를 정기적으로 점검하여 권한 남용을 막고, 개인정보의 안전한 관리를 위해 목적 달성 후 접근 권한을 철회하는 것입니다. 목적은 권한 남용 방지, 안전성 확보, 책임 소재 명확화입니다. 이는 정보 주체의 권익 보호를 위한 필수적인 조치입니다. 접근 권한은 목적 달성 후 즉시 철회되어야 합니다. 이는 과도한 개인정보 수집과 이용을 방지하기 위함입니다. 따라서 접근 권한 관리는 개인정보보호법과 전자금융거래법의 핵심 원칙 중 하나입니다. 목적 달성"
TEST_103,1
TEST_104,2
TEST_105,4
TEST_106,2
TEST_107,2
TEST_108,2
TEST_109,1
TEST_110,1
TEST_111,2
TEST_112,3
TEST_113,2
TEST_114,1
TEST_115,4
TEST_116,2
TEST_117,4
TEST_118,3
TEST_119,2
TEST_120,1
TEST_121,3
TEST_122,3
TEST_123,3
TEST_124,3
TEST_125,1
TEST_126,"안전성, 신뢰성, 가용성이 3대 요소입니다. 각각 시스템과 정보가 외부/내부 위협으로부터 보호되는 것, 시스템이 정상 작동할 수 있는 환경 유지, 필요한 정보에 접근이 가능하도록 하는 것을 의미합니다. 이 세 가지 목표는 상호 연관되어 있습니다. 예를 들어, 해킹으로 인한 시스템 다운(신뢰성 저하)은 안전성 확보 실패로 인한 것입니다. 따라서 종합적인 관리와 대책이 필요합니다. 특히 개인정보보호법에서는 정보 주체의 권리를 보장하기 위해 안전성, 정확성, 투명성 등을 강조합니다."
TEST_127,5
TEST_128,2
TEST_129,1
TEST_130,3
TEST_131,"전자금융감독규정 제15조에 따르면, IT 부문 인력과 예산은 전체의 30% 이상이어야 합니다. 이는 전자금융 거래의 안전성 확보를 위해 필수적인 기준입니다. 이 비율을 준수하지 않으면 감독조치가 이루어질 수 있습니다. 이 비율은 개인정보보호법과 전자금융거래법의 안전 조치 의무와 맥을 같이하는 것입니다. 따라서 금융회사는 이 기준을 철저히 준수해야 합니다.**
** (참고: 최신 개정령이나 판례를 확인하여 정확한 비율을 확인해야 합니다. 일부 조항은 시스템 복잡도에 따라"
TEST_132,1
TEST_133,2
TEST_134,1
TEST_135,2
TEST_136,3
TEST_137,4
TEST_138,1
TEST_139,1
TEST_140,1
TEST_141,1
TEST_142,1
TEST_143,3
TEST_144,3
TEST_145,5
TEST_146,3
TEST_147,4
TEST_148,2
TEST_149,3
TEST_150,1
TEST_151,4
TEST_152,4
TEST_153,2
TEST_154,3
TEST_155,4
TEST_156,1
TEST_157,1
TEST_158,4
TEST_159,2
TEST_160,3
TEST_161,1
TEST_162,1
TEST_163,1
TEST_164,3
TEST_165,2
TEST_166,4
TEST_167,4
TEST_168,3
TEST_169,3
TEST_170,2
TEST_171,1
TEST_172,1
TEST_173,3
TEST_174,1
TEST_175,3
TEST_176,2
TEST_177,2
TEST_178,3
TEST_179,2
TEST_180,1
TEST_181,3
TEST_182,"SMTP 프로토콜은 이메일 전송 시 암호화되지 않으면 정보 유출, 변조 등의 위험에 노출될 수 있습니다. 따라서 TLS/SSL 같은 암호화 기술을 활용하여 보안을 강화합니다. 수신 측에서 메시지를 안전하게 수신할 수 있도록 합니다. 이는 개인정보나 금융정보가 포함된 메일을 보낼 때 특히 중요합니다. 전자금융거래법에서는 전자금융거래의 안전성 확보에 관한 의무를 규정하고 있습니다. 따라서 SMTP 보안은 법적 의무 사항이기도 합니다. 2014년 스팸 메일로 인해 발생한 개인정보 유출 사건 이후 더욱 강화되었습니다"
TEST_183,1
TEST_184,2
TEST_185,1
TEST_186,4
TEST_187,4
TEST_188,3
TEST_189,2
TEST_190,1
TEST_191,1
TEST_192,4
TEST_193,3
TEST_194,5
TEST_195,3
TEST_196,2
TEST_197,4
TEST_198,2
TEST_199,"1) 패스워드 크래킹(무차별 대입 공격): 강력한 비밀번호 사용 및 MFA 적용, 2) 피싱(사기 메일): 보안 교육 및 이메일 체크 시스템 강화, 3) DDoS 공격: 트래픽 관리 시스템(로드 밸런서 등)으로 대응한다. (대응 방안은 각 공격 유형별로 제시해야 함)**
**설명: 각 공격 유형의 구체적인 대응 방법을 명시하여 더욱 실용적인 정보를 제공한다.****
**개인정보보호법 제34조(개인정보처리방침), 전자"
TEST_200,3
TEST_201,3
TEST_202,1
TEST_203,2
TEST_204,3
TEST_205,"전자금융거래법에서는 수취인이 지급 지시를 받은 때, 또는 수취인 계좌에 입금된 때로 지급 효력이 발생하는 시점을 정합니다. 따라서 수취인이 지급 지시를 받은 순간부터 해당 시점에 따라 효력이 발생합니다. 이는 금융회사와 이용자 간의 약정에 따라 달라질 수 있습니다. 다만, 법적으로 정해진 경우에는 그 시점이 적용됩니다.**
이 설명은 개인정보보호법과 전자금융거래법의 조항을 종합하여, 정보 처리 및 거래 과정에서의 시점을 명확히 합니다. 또한, 이용자의 권리 보호를 위해 이러한 시점이 명확하고 공정"
TEST_206,5
TEST_207,2
TEST_208,3
TEST_209,1
TEST_210,3
TEST_211,4
TEST_212,3
TEST_213,1
TEST_214,5
TEST_215,2
TEST_216,3
TEST_217,1
TEST_218,2
TEST_219,3
TEST_220,4
TEST_221,3
TEST_222,2
TEST_223,1
TEST_224,2
TEST_225,2
TEST_226,1
TEST_227,3
TEST_228,5
TEST_229,5
TEST_230,1
TEST_231,2
TEST_232,3
TEST_233,5
TEST_234,2
TEST_235,1
TEST_236,4
TEST_237,5
TEST_238,1
TEST_239,4
TEST_240,1
TEST_241,4
TEST_242,3
TEST_243,2
TEST_244,5
TEST_245,"DNSSEC은 DNS 메시지를 암호화하고 서명하여 변조나 위조를 막는 기술로, DNS 공격을 방지하여 신뢰성 있는 도메인 정보를 얻을 수 있게 합니다. 이를 통해 DNS 스푸핑 같은 위협을 해결합니다. 2016년 미국 동부 DNS 스푸핑 공격 사례에서 DNSSEC이 활용될 수 있었습니다. 2017년 이후 점차 도입이 확대되고 있습니다. 2023년 현재도 활발한 연구와 적용이 진행 중입니다. 2024년에는 더 많은 기관이 DNSSEC을"
TEST_246,2
TEST_247,2
TEST_248,3
TEST_249,5
TEST_250,5
TEST_251,3
TEST_252,4
TEST_253,2
TEST_254,1
TEST_255,4
TEST_256,4
TEST_257,4
TEST_258,4
TEST_259,3
TEST_260,3
TEST_261,1
TEST_262,3
TEST_263,2
TEST_264,1
TEST_265,4
TEST_266,3
TEST_267,5
TEST_268,1
TEST_269,5
TEST_270,2
TEST_271,2
TEST_272,4
TEST_273,4
TEST_274,1
TEST_275,4
TEST_276,4
TEST_277,3
TEST_278,4
TEST_279,2
TEST_280,5
TEST_281,2
TEST_282,1
TEST_283,1
TEST_284,3
TEST_285,5
TEST_286,4
TEST_287,3
TEST_288,3
TEST_289,3
TEST_290,1
TEST_291,1
TEST_292,2
TEST_293,3
TEST_294,2
TEST_295,3
TEST_296,2
TEST_297,2
TEST_298,3
TEST_299,1
TEST_300,3
TEST_301,5
TEST_302,1
TEST_303,1
TEST_304,1
TEST_305,5
TEST_306,1
TEST_307,1
TEST_308,1
TEST_309,3
TEST_310,1
TEST_311,1
TEST_312,4
TEST_313,4
TEST_314,3
TEST_315,5
TEST_316,4
TEST_317,2
TEST_318,1
TEST_319,3
TEST_320,2
TEST_321,1
TEST_322,3
TEST_323,1
TEST_324,4
TEST_325,1
TEST_326,1
TEST_327,3
TEST_328,4
TEST_329,2
TEST_330,1
TEST_331,4
TEST_332,5
TEST_333,1
TEST_334,4
TEST_335,4
TEST_336,1
TEST_337,1
TEST_338,4
TEST_339,2
TEST_340,4
TEST_341,3
TEST_342,3
TEST_343,2
TEST_344,3
TEST_345,2
TEST_346,5
TEST_347,4
TEST_348,3
TEST_349,2
TEST_350,1
TEST_351,2
TEST_352,1
TEST_353,1
TEST_354,4
TEST_355,4
TEST_356,1
TEST_357,3
TEST_358,1
TEST_359,1
TEST_360,1
TEST_361,2
TEST_362,1
TEST_363,3
TEST_364,3
TEST_365,2
TEST_366,1
TEST_367,3
TEST_368,2
TEST_369,3
TEST_370,1
TEST_371,1
TEST_372,2
TEST_373,2
TEST_374,4
TEST_375,1
TEST_376,2
TEST_377,3
TEST_378,1
TEST_379,1
TEST_380,1
TEST_381,1
TEST_382,3
TEST_383,2
TEST_384,3
TEST_385,4
TEST_386,5
TEST_387,2
TEST_388,1
TEST_389,1
TEST_390,4
TEST_391,3
TEST_392,4
TEST_393,1
TEST_394,3
TEST_395,3
TEST_396,3
TEST_397,4
TEST_398,3
TEST_399,3
TEST_400,1
TEST_401,1
TEST_402,3
TEST_403,1
TEST_404,4
TEST_405,1
TEST_406,2
TEST_407,3
TEST_408,1
TEST_409,4
TEST_410,1
TEST_411,4
TEST_412,3
TEST_413,1
TEST_414,4
TEST_415,2
TEST_416,"VLAN은 물리적으로 분리된 네트워크 장비들을 논리적으로 구분하여 연결하는 기술입니다. 특정 VLAN에 속한 장치가 서로만 통신을 할 수 있도록 합니다. 이는 보안 강화와 네트워크 효율성 향상에 기여합니다. 또한, 새로운 VLAN을 생성하거나 변경하는 것이 비교적 쉽습니다. 이는 기존 하드웨어 설비 변경 없이 유연하게 네트워크를 관리할 수 있게 합니다. 개인정보보호법에서는 민감한 정보가 있는 VLAN에 대한 접근 제어를 의무화하고 있습니다. 전자금융거래법에서도 전자금융업자의 보안 조치로 VLAN 사용이 포함됩니다."
TEST_417,3
TEST_418,1
TEST_419,1
TEST_420,3
TEST_421,3
TEST_422,5
TEST_423,2
TEST_424,2
TEST_425,4
TEST_426,1
TEST_427,2
TEST_428,0
TEST_429,1
TEST_430,3
TEST_431,4
TEST_432,2
TEST_433,3
TEST_434,2
TEST_435,1
TEST_436,1
TEST_437,3
TEST_438,4
TEST_439,3
TEST_440,2
TEST_441,2
TEST_442,1
TEST_443,3
TEST_444,1
TEST_445,4
TEST_446,1
TEST_447,3
TEST_448,2
TEST_449,1
TEST_450,4
TEST_451,4
TEST_452,3
TEST_453,2
TEST_454,2
TEST_455,4
TEST_456,3
TEST_457,2
TEST_458,"이용자가 신용평점 하락으로 인해 대출 한도가 축소되거나 금리가 상승하는 등 불리한 조건이 적용될 수 있다는 점을 설명해야 합니다. 또한, 평점 하락에 대한 이유를 알려야 합니다. 이는 이용자의 권리를 보호하기 위함입니다.**
**설명 의무의 내용:** 1) 평점 하락의 영향(대출 조건 악화), 2) 평점 하락의 이유, 3) 평점 개선 방법, 4) 이의 신청 방법 등을 설명해야 합니다.**
**법적 근거:** 개인정보보호법 제58조("
TEST_459,3
TEST_460,1
TEST_461,4
TEST_462,2
TEST_463,4
TEST_464,1
TEST_465,4
TEST_466,4
TEST_467,4
TEST_468,3
TEST_469,4
TEST_470,5
TEST_471,"특수 계정은 일반 사용자 계정과 분리되어야 하며, 최소 권한 원칙에 따라 권한을 제한해야 합니다. 접근 로그 관리와 정기적인 권한 검토도 필수적입니다. 이중 확인 절차나 실시간 모니터링도 고려할 수 있습니다. 또한, 특수 계정 사용 시에는 별도의 보안 장치를 활용해야 합니다. 예를 들어, 관리자 계정의 로그인 시에는 OTP(일회용 비밀번호)를 사용해야 합니다. 권한 관리를 철저히 하지 않으면, 권한 남용이나 내부 공격의 위험이 커집니다. 따라서, 특수 계정에 대한 보안은 일반 계정의 보안보다 더 강화되어야 합니다."
TEST_472,1
TEST_473,3
TEST_474,1
TEST_475,5
TEST_476,4
TEST_477,1
TEST_478,1
TEST_479,4
TEST_480,4
TEST_481,5
TEST_482,3
TEST_483,3
TEST_484,2
TEST_485,1
TEST_486,1
TEST_487,3
TEST_488,1
TEST_489,3
TEST_490,2
TEST_491,1
TEST_492,4
TEST_493,4
TEST_494,5
TEST_495,5
TEST_496,2
TEST_497,1
TEST_498,4
TEST_499,1
TEST_500,2
TEST_501,1
TEST_502,4
TEST_503,4
TEST_504,2
TEST_505,3
TEST_506,4
TEST_507,"암호화 방식은 데이터의 중요성, 보안 요구사항, 성능, 그리고 향후 기술 발전 가능성 등을 종합적으로 고려하여 선택해야 합니다. 최신 기술과 현실적 적용 가능성 사이의 균형을 맞추는 것이 중요합니다. 또한, 복호화 키 관리에 대한 체계도 함께 마련해야 합니다. 2014년 개인정보보호법 개정으로 인해 암호화 의무가 강화되었습니다. 이는 정보 주체의 권리 보호를 위해 필수적인 조치입니다. 따라서 민감도에 따라 적절한 수준의 암호화를 적용해야 합니다. 특히, 전자금융거래에서는 거래의 안전"
TEST_508,4
TEST_509,3
TEST_510,5
TEST_511,2
TEST_512,3
TEST_513,4
TEST_514,4
